{
  "feature_names": [
    "bedrooms",
    "bathrooms",
    "toilets",
    "parking_space",
    "title_Detached Bungalow",
    "title_Detached Duplex",
    "title_Semi Detached Bungalow",
    "title_Semi Detached Duplex",
    "title_Terraced Bungalow",
    "title_Terraced Duplexes",
    "town_Ajah",
    "town_Alimosho",
    "town_Amuwo Odofin",
    "town_Gbagada",
    "town_Ibeju Lekki",
    "town_Ifako-Ijaiye",
    "town_Ikeja",
    "town_Ikorodu",
    "town_Ikotun",
    "town_Ikoyi",
    "town_Ilupeju",
    "town_Ipaja",
    "town_Isheri North",
    "town_Isolo",
    "town_Lekki",
    "town_Magodo",
    "town_Maryland",
    "town_Ogudu",
    "town_Ojo",
    "town_Ojodu",
    "town_Others",
    "town_Surulere",
    "town_Victoria Island (VI)",
    "town_Yaba"
  ],
  "model_type": "Random Forest",
  "performance_metrics": {
    "r2_score": 0.48476097957291786,
    "rmse": 61209479.436455086,
    "mae": 42648146.30079991,
    "cv_r2_mean": 0.49229336621296965,
    "cv_rmse_mean": 59006681.101847306,
    "cv_mae_mean": 41592890.46187098
  },
  "feature_ranges": {
    "bedrooms": {
      "min": 1,
      "max": 9,
      "type": "integer"
    },
    "bathrooms": {
      "min": 1,
      "max": 9,
      "type": "integer"
    },
    "toilets": {
      "min": 1,
      "max": 9,
      "type": "integer"
    },
    "parking_space": {
      "min": 1,
      "max": 9,
      "type": "integer"
    },
    "title_Detached Bungalow": {
      "min": 0.0,
      "max": 1.0,
      "type": "float"
    },
    "title_Detached Duplex": {
      "min": 0.0,
      "max": 1.0,
      "type": "float"
    },
    "title_Semi Detached Bungalow": {
      "min": 0.0,
      "max": 1.0,
      "type": "float"
    },
    "title_Semi Detached Duplex": {
      "min": 0.0,
      "max": 1.0,
      "type": "float"
    },
    "title_Terraced Bungalow": {
      "min": 0.0,
      "max": 1.0,
      "type": "float"
    },
    "title_Terraced Duplexes": {
      "min": 0.0,
      "max": 1.0,
      "type": "float"
    },
    "town_Ajah": {
      "min": 0.0,
      "max": 1.0,
      "type": "float"
    },
    "town_Alimosho": {
      "min": 0.0,
      "max": 1.0,
      "type": "float"
    },
    "town_Amuwo Odofin": {
      "min": 0.0,
      "max": 1.0,
      "type": "float"
    },
    "town_Gbagada": {
      "min": 0.0,
      "max": 1.0,
      "type": "float"
    },
    "town_Ibeju Lekki": {
      "min": 0.0,
      "max": 1.0,
      "type": "float"
    },
    "town_Ifako-Ijaiye": {
      "min": 0.0,
      "max": 1.0,
      "type": "float"
    },
    "town_Ikeja": {
      "min": 0.0,
      "max": 1.0,
      "type": "float"
    },
    "town_Ikorodu": {
      "min": 0.0,
      "max": 1.0,
      "type": "float"
    },
    "town_Ikotun": {
      "min": 0.0,
      "max": 1.0,
      "type": "float"
    },
    "town_Ikoyi": {
      "min": 0.0,
      "max": 1.0,
      "type": "float"
    },
    "town_Ilupeju": {
      "min": 0.0,
      "max": 1.0,
      "type": "float"
    },
    "town_Ipaja": {
      "min": 0.0,
      "max": 1.0,
      "type": "float"
    },
    "town_Isheri North": {
      "min": 0.0,
      "max": 1.0,
      "type": "float"
    },
    "town_Isolo": {
      "min": 0.0,
      "max": 1.0,
      "type": "float"
    },
    "town_Lekki": {
      "min": 0.0,
      "max": 1.0,
      "type": "float"
    },
    "town_Magodo": {
      "min": 0.0,
      "max": 1.0,
      "type": "float"
    },
    "town_Maryland": {
      "min": 0.0,
      "max": 1.0,
      "type": "float"
    },
    "town_Ogudu": {
      "min": 0.0,
      "max": 1.0,
      "type": "float"
    },
    "town_Ojo": {
      "min": 0.0,
      "max": 1.0,
      "type": "float"
    },
    "town_Ojodu": {
      "min": 0.0,
      "max": 1.0,
      "type": "float"
    },
    "town_Others": {
      "min": 0.0,
      "max": 1.0,
      "type": "float"
    },
    "town_Surulere": {
      "min": 0.0,
      "max": 1.0,
      "type": "float"
    },
    "town_Victoria Island (VI)": {
      "min": 0.0,
      "max": 1.0,
      "type": "float"
    },
    "town_Yaba": {
      "min": 0.0,
      "max": 1.0,
      "type": "float"
    }
  }
}